"Lefordítandó szöveg","Lefordított szöveg"
"Fuvarozás mód","Mode of forwarding nxx"
"Darab","Piece"
"DÍJBEKÉRO","PROFORMA INVOICE"
"Név","Name"
"Sarzs","[ Batch]"
"Raklap összesítés","RLP sum eng"
"Nettó mennyiség","Net weight"
"ETK, cikk név","Item"
"Lejárati dátum","Best before"
"Magyarország","Hungary"
"Fagyos","frozen"
"Elohutött","fresh"
"Cikk név","Product name"
"Szállítás módja","MODE OF TRANSPORT"
"Szállítás dátuma","DATE D'EXPEDITION"
"Felrakodás helye","LIEU D’EXPEDITION"
"Rendszám","CAMION NR"
"Vevo név","CUSTOMER NAME"
"Számla szám","INVOICE NO"
"Raklap","Palette Nr"
"Cikk kód","Item number"
"Hutés módja","Type of cooling"
"Karton száma","number of cartons"
"Nettó súly","net weight"
"Konténerszám","CONTAINER NR"
"Tétel","Batch"
"Konténer","CONTAINER"
"Készletmozgás biz.szám","No."
"Gyártás dátum","Production date"
"megjegyzes","note"
"marha jó","cow good"
"Lefúrási szempontok","Drilling considerations"
"szurése","filtering"
"Mégsem","Cancel"
"Összes kijelölése","Select all"
"Telephely","Location"
"Súly (kg)","Weight (kg)"
"Igen","Yes"
"Nem","No"
"Üzem","Factory"
"Frissítés","Refresh"
"Fo testtáj","Main body part"
"Utihulla","Roaddeath"
"Átlagtömeg","Average weight"
"Állomány minosítés","ENG- Állomány minosítés"
"Egész csirke","Whole chicken"
"CSIRKE","CHICKEN"
"Számla aláírás és bélyegzo nélkül érvényes.","The invoice is valid without sign and without stamp. Again: the invoice is valid without sign and without stamp"
"Adatok","Datas"
"Dátum","Date"
"Gyártási lap","Production sheet"
"Mutat","Show"
"Raktár","Store"
"Megjegyzés","Comment"
"Szöveg","Text"
"Nyelv név","Language name"
"Kód","Code"
"Érv.?","Valid?"
"Vonalkód","Barcode"
"Hálózat státusza: ","Net status: "
"<font color=green><b>Kapcsolódva</b></font>","<font color=green><b>Connected</b></font>"
"Státusz frissítés","Refresh status"
"Státusz lekérdezés","Query status"
"<font color=red><b>Leválasztva</b></font>","<font color=red><b>Disconnected</b></font>"
"Tetszoleges belso megjegyzés","Any internal comment"
"Pénznem: ","Currency:"
"Alapértelmezett számlázási pénznem","Default Invoice currency"
"Nyelv","Language"
"Gombok","Buttons"
"Adatbázis session
kapcsolat ellenorzése","Database session
connection check"
"Újracsatlakozás
adatbázishoz","Reconnect
to database"
"Elso fül","First tab"
"Második fül","Second tab"
"Harmadik fül","Third tab"
"Utolsó fül","[Last tab']"
"Munkafüzet betöltése...","[Loading workbook ...]"
"Település","[ City ]"
"Ország név","[ Country name ]"
"Skontó (%)","[Discount (%)]"
" Táblázatban a rendeltek megjelenjenek? ","[Should the orders appear in a table? ]"
"Felhasználó kód","[ User code ]"
"Munkaszám név","[Work number name]"
"Mennyiség","[ Quantity ]"
"M.e.","[ M.e. ]"
"Pénznem név","[ Currency name ]"
"Ügynök kód","[Agent code]"
"Múlt év","[Last year]"
"Partner típus","[Partner Type ]"
"Hivatkozás","[Link]"
"Fizetési mód név","[Payment method name]"
"Egyéb adatok","[Other data[ ]"
"Múlt hónap","[Last month]"
"Év","[ Year ]"
"Státusz","[ Status ]"
"Ügynök név","[Agent name]"
"Partner típus név","[ Partner type name [ ]"
"  Készültség: ","[Preparation: ]"
"Hónap","[ Month ]"
"IBAN","[ ]"
"Nap","[ Day]"
"Ma","[Ma]"
"Szállítási cím","Delivery adress"
"Érvényesítés","[ ]"
"(*)A lefordítandó szöveg","[ (*) Text to be translated ]"
"Bankszámla kód","[Bank account code ]"
"Biz.szám","[Receipt number]"
"Áru kód","[ Commodity code ]"
"Leírás","[ Description ]"
"Cím név","[ Address name ]"
"Alapadatok","[ Basic data ]"
"Cím","[ Address ]"
"Alap
egységár","[Fund\n]"
"Nyelv kód","[ Language code ]"
"Darab (gyujto)","[Piece (collective)]"
"Bejelento adószáma","[Declarant's tax number]"
"Szint: ","[Level: ]"
"Termény vásárlás prioritás: ","[ Crop purchase priority: ]"
"Termény vásárlás ártípus: ","[ Crop purchase price type: ]"
"Generált cím: ","[ Generated address: ]"
" Igazolt szállítólevél átadás?","[ Certified delivery note transfer ]"
"Érv.vége","[ Argument end ]"
"Közterület név: ","[ Public area name: ]"
"Árukíséro adattartalom: ","[ Accompanying data content: ]"
"Adó árfolyam
típus kód","[ Tax rate\n]"
"Termény vásárlás pénznem: ","[Crop purchase currency: ]"
"Beszerzés árfolyam
típus kód","[ Purchase rate\n]"
"Munkalap fokönyvi napló: ","[Worksheet ledger: ]"
"Lépcsoház: ","[ Staircase: ]"
"Rövid név","[ Short name ]"
"Fokönyvi bizonylat határnap: ","[ General ledger deadline: ]"
"Érték","[ Value ]"
"Adó árfolyam típus:","[ Tax rate type: ]"
"Bolti terhelés jogcím:","[ Store Debit Item: ]"
"Árfolyam típus kód","[ Exchange Rate Type Code ]"
"Ajtó: ","[ Door: ]"
"Határnapok","[ Deadlines ]"
"Tételképzési mód(termelési): ","[ Item Formation (Production): ]"
"Készlet feladás fokönyvi napló: ","[ Stock Posting General Ledger: ]"
"Érvényesség
vége","[ Validity\n]"
"Adó kulcs","[Tax rate ]"
" Csak szállítólevél kezelés?","[ Delivery note handling only ]"
"Árfolyam típus idoszak","[ Exchange rate type period ]"
"Árfolyamok","[ Exchange rates ]"
"Költséghely: ","[ Cost center: ]"
"Pénztár fokönyvi napló: ","[ Cash register ledger: ]"
"Bank fokönyvi napló:","[ Bank ledger: ]"
"Székhely cím","[ Registered office address ]"
"Fordított ÁFA szabály","[ Reverse VAT rule ]"
"Csoport azonosító szám: ","[Group identification number: ]"
"Épület: ","[ Building: ]"
"(*)A nyelv kódja","[(*) Language code]"
"Alternatív név","[Alternative name]"
"Címke","[ Label ]"
"(*)Kód","[ (*) Code ]"
"Üzenet","Message"
"OK","OK "
"Elnevezés","Name "
"Kilépés"," Exit "
"Módosít"," Change "
"Feltölt"," Upload "
"Törlés"," Delete "
"Automatikus feltölt?"," Auto-fill?"
"Partner név","[ Partner name ]"
"Paraméter","Parameter "
"Email cím","[Email address ]"
"Partner kód","[ Partner code ]"
"Egalizált mennyiségtol eltérhet?","[Can it differ from the equalized amount?]"
"Felhasználó név","[ Username ]"
"Ország kód","[Country code ]"
"Text típusú értékkészlet","[Text type value set]"
"(*)Elnevezés","[ (*) Name ]"
"(*)[Vállalat]->A vállalat egyedi kódja","[(*) [Company] -\u003e Unique company code]"
"Vállalat kód","[ Company code ]"
"Vállalat név","[ Company name]"
"A sima felirat","['The plain caption]"
"Az ""idézojeles"" felirat","['The caption']"
"Utolsó elotti fül","[Last penultimate tab]"
"Aposztrófos' fül","[Apostrophe' tab ']"
"<font color=red><b>A piros, HTML felirat</b></font>","[The red, HTML caption]"
"A pontozott... felirat","['The dotted ... caption]"
"ISO-639-1 kód","ISO-639-1 code"
"Vonalkód:"," Barcode:"
"Raklap: ","[Pallet:]"
"Hova: "," To: "
"A módosítások a következo bejelentkezéskor lépnek életbe.","[ Changes take effect the next time you log in. ]"
"Típus"," Type "
"Séma"," Schema "
"A séma neve","[ Schema Name ]"
"Tárolt eljárások","[ Stored Procedures]"
"A tárolt eljárás neve","[Name of the stored procedure ]"
"A visszatérési érték típusa","[ Type of return value ]"
"A formális paraméter lista","[ List of formal parameters]"
"(*)[Nyelv]->A nyelv kódja","[(*) [Language] -\u003e Language code]"
"Kamerakép","Camera Image "
"Vonalkód: -","[ Barcode: - ]"
"Vonalkód+Kép"," Barcode + Image"
"Túra indítható?","[Can a tour be started?] ]"
"Illetékesség","[ Jurisdiction]"
"Készletszint feltöltés szabály név","[Inventory level replenishment rule name ]"
"Elsodleges üzem név","[ Primary plant name ]"
"Készletszint feltöltés szabály kód","[ Inventory level replenishment rule code ]"
"Elsodleges üzem kód","[ Primary plant code ]"
"Vállalat szervezet","[ Company organization ]"
"Gyártmánylap jóváhagyás kezdo dátum","[ Product sheet approval start date ]"
"Szervezet","[ Organization ]"
"  Címke darab:","[Label pieces: ]"
"Pénzforgalmi jelzoszám","[ Cash register ]"
"Sor","[ Line ]"
"Mind","[ All ]"
"Mozgásnem név","[ Movement name ]"
"Árukíséro?","[ Accompanying? ]"
"Számlák","[ Invoices ]"
"Szerepkör felhasználói lekérdezés jogosultság","[ Role user query authority ]"
"Számla nyomtató: ","[ Invoice printer: ]"
"Raktár kód","[ Warehouse code ]"
"Eleje/vége","[ Start / end ]"
"Telephely kód","[ Location code]"
"Bevételezo mozgásnem név","[ Receiving movement name ]"
"Bevételezo raktár név","[ Receiving warehouse name ]"
"EKAER felhasználó","[ EKAER user ]"
"Értékesítés szabály","[ Sales rule ]"
"Sor - Oszlop csere (I)","[ Row - Column replacement (I) ]"
"(*)[Felhasználó]->Elnevezés","[ (*) [User] -\u003e Name ]"
"Automatikus frissítés","[ Automatic update]"
"Tevékenység sablon","[Activity template ]"
"Túra kezelés szabály","[ Tour management rule ]"
"Felhasználó kód nyomtat","[ Print user code ]"
"Túra státusz","[ Tour status ]"
"Csoportnév","[ Group name ]"
"Jogcím kód","[ Title code ]"
"Kapujegy","[ Gate ticket ]"
" perc","[ minutes ]"
"Tevékenység sablon név","[ Activity template name ]"
"Elsodleges telephely és raktár beállítás","[ Primary location and warehouse setting ]"
"Túra","[ Tour]"
"Rakodás alatt","[Loading ]"
"Kódszótár","[ Code dictionary ]"
"Periódus: ","[ Period: ]"
"Raktár:","[ Warehouse: ]"
"Felhasználó","[ User ]"
"Terem","[ Room ]"
"Rakodás státusz","[ Loading status ]"
"Vállalat felhasználó","[ Company user ]"
"Beállítások
megjelenítése","[ Settings\n]"
"Pénzmozgás szabály","[ Cash flow rule ]"
"Rakat","[ Stack ]"
"Szerepkörök és készletmozgás jogok másolása","[ Copy roles and inventory movement rights ]"
"Szerepkör felhasználók","[ Role users ]"
"Elsodleges telephely: ","[ Primary location: ]"
"Kapujegy?","[ Gate ticket?]"
"Túra bizonylatszám","[Tour voucher number ]"
"Kijelölt darab (gyujto)","[ Designated piece (collector) ]"
"Csak élo tervek? ","[ Live plans only? ]"
"Böngészo","[Browser ]"
"  Készültségenként","[ By power ]"
"Nyomtatandó darab (gyujto)","[ Piece to be printed (collector) ]"
"Újratervezés","[ Redesign ]"
"Nyomtatás
cikkenként","[ Print\n]"
"Mind be","[All on ]"
"Kijelölt hatókör","[ Selected scope ]"
"Nyomtatás túránként - lapváltás túránként?","[ Print per tour - change pages per tour ]"
"Elérhetoség","[ Availability ]"
"Mennyiség
kijelölt","[ Quantity\n]"
" Hiányra szurés? ","[Missing screening? ]"
"1. Túra -
gyujtési pontok","[Tour 1 -\n]"
"Pénznem","[Currency]"
"Számla kibocsátás mód","[Invoice issuance method]"
"Pb. szám","[Pb. ]"
"Jutalék (%)","[Commission (%)]"
"Teljesítés vége","[End of execution]"
"Bruttó érték","[ Gross value ]"
"Tétel megjegyzés","[Item comment]"
"Kelt","[Date]"
"Árfolyam","[ Exchange rate ]"
"Fizetési mód kód","[Payment method code]"
"Számla megjegyzés","[Account note]"
"Adó dátum","[Tax date]"
"Rendezési mód: ","[Order method: ]"
"Kiállító","[Issuer]"
"Számla kontír státusz","[Invoice account status]"
"Teljesítés","[Execution]"
"Kontírozás mód","[Ordering method]"
"Pénznem kód","[ Currency code ]"
"Rendezetlen érték","[Unordered value]"
"ETK","[ ETK ]"
"Partner: ","[ Partner: ]"
"(*)[Melyik településen található a telephely.]->Az ország egyedi neve","[ (*) [In which settlement is the site located ]"
"Éjfél utáni órák száma","[Number of hours after midnight ]"
"Készlet sorrend","[Inventory order ]"
"Vágóhíd?","[ Slaughterhouse? ]"
"ENAR azonosító","[ ENAR ID ]"
"Ir.szám: ","[ Registration number: ]"
"Offline tikett típusa","[ Offline ticket type ]"
"Számla jogcím név","[ Account title name ]"
"Ártípus név","[ Price type ]"
"Paritás: ","[ Parity: ]"
"Tételképzési mód(szállítói): ","[ Item creation method (suppliers): ]"
"Tárgyi eszköz fokönyvi napló:","[ Tangible asset general ledger journal: ]"
"Pénzmozgás árfolyam típus:","[ Cash flow exchange rate type: ]"
"Induló forduló: ","[ Starting round: ]"
"Árfolyam típus név","[ Exchange rate type name ]"
"Üzem: ","[ Plant: ]"
"Érvényesség
kezdete","[ Validity\n]"
"Mennyiségi egység: ","[Quantity unit: ]"
" Árukiséro kiszolgálás?","[ Accompanying service? ]"
" Szállításszervezés átadás?","[ Delivery organization transfer? ]"
"Kompenzáció fokönyvi napló: ","[ Compensation ledger log: ]"
" Egyszerre mozgatható maximális mennyiség: ","[ Maximum quantity that can be moved at one time: ]"
"Értékesítés árfolyam
típus név","[ Sales rate\n]"
"Település: ","[Town: ]"
"Min. rendelési érték: ","[ Min. ]"
"Késedelmi kamat típus:","[Type of interest for late payment: ]"
"Adószám: ","[ Tax number: ]"
"Közösségi adószám: ","[ Community tax number: ]"
" Számláz?","[ Invoice?\n]"
"Szállítói megrendeles határnap: ","[Supplier Order Deadline: ]"
"Adóhatósági ellenorzési adatszolgáltatás","[ Tax Authority Audit Reporting ]"
"Pénzmozgás árfolyam
típus név","[ Cash Flow Rate\n]"
"Székhely cím: ","[Headquarters Address: ]"
"Felvásárlás fizetési hat. napok: ","[ Acquisition payment six. ]"
"Muködés","[Operation ]"
"Záró forduló: ","[ Closing round: ]"
"Felvásárlás fizetési mód:","[ Purchase payment method: ]"
"Beszerzés árfolyam típus:","[ Purchase exchange rate type: ]"
"FELIR azonosító: ","[ FELIR identifier: ]"
"Fokönyv","[ General ledger ]"
"Közterület jelleg: ","[ Public area type: ]"
"Érv.kezdete","[ Argument start ]"
"Értékesítés árfolyam típus:","[ Sales exchange rate type: ]"
"Értékesítés árfolyam
típus kód","[ Sales exchange rate\n]"
" Alapértelmezett leltár mennyiség jelleg: ","[Default Inventory Quantity Type: ]"
"Számla befogadás határnap: ","[ Invoice Receipt Deadline: ]"
"Vállalat","[ Company ]"
"Beszerzés árfolyam
típus név","[ Purchase Rate\n]"
"Adó árfolyam
típus név","[ Tax rate\n]"
"Fizetési mód: ","[Payment method: ]"
"Vevoi megrendelés határnap: ","[ Sales order deadline: ]"
"Számlakiállítás határnap: ","[ Invoice delivery deadline: ]"
"Készletforgalom határnap: ","[ Inventory turnover deadline: ]"
"Vállalat árfolyam","[ Company exchange rate ]"
"Ir.szám","[ Registration number ]"
"Beérkezo számla feladás fok. napló:","[ Incoming invoice sending principal. ]"
"Pénzmozgás árfolyam
típus kód","[Cash flow exchange rate\n]"
"Muködési/Jövedéki engedély szám: ","[Operating / Excise License Number: ]"
" Raktári kiszolgálás?","[ Warehouse Service? ]"
"Hatókör","[ Scope ]"
"Számla feladás fokönyvi napló:","[ Invoice Posting General Ledger: ]"
"Házszám: ","[ House Number: ]"
"Gyártás típus: ","[ Production Type:]"
"(*)A vállalat egyedi kódja","[(*) Unique company code]"
"Túra zsilip kitöltési mód","[Tour lock filling method ]"
"Ártípus kód","[ Price type code ]"
"Betárolási javaslat?","[ Storage suggestion? ]"
"Terméktanács azonosító","[ Product board ID ]"
"Szállítólevél raktáranként?","[ Delivery note per warehouse? ]"
"Cím kód","[Address code ]"
"Számla jogcím","[ Account title ]"
"Sarzs kód szegmens","[ Batch code segment ]"
"KTJ (Környezetvédelmi Területi Jel)","[ KTJ (Environmental Territorial Sign) ]"
"Kereso név","[ Search name ]"
"Saját bolt munkaszám","[ Own shop number ]"
"Raktári muszak követés?","[ Warehouse shift tracking? ]"
"Saját bolt munkaszám név","[ Own shop job number name ]"
"Túra indítás mód","[ ]"
"Vevo","[Customer ]"
"[Saját bolt munkaszám]->Sarzs kód szegmens","[ [Own store work number] -\u003e Batch code segment ]"
"[Saját bolt munkaszám]->Elnevezés","[ [Own store work number] -\u003e Name]"
"Helyettesített cikk
egységár/kg","[['NO_INTERNET_OR_URL_NOT_REACHABLE 1', '']]"
"Egységár/kg
eltérés","[['NO_INTERNET_OR_URL_NOT_REACHABLE 1', '']]"
"Egységár/kg
eltérés %","[['NO_INTERNET_OR_URL_NOT_REACHABLE 1', '']]"
"Helyettesíto
cikk kód","[['NO_INTERNET_OR_URL_NOT_REACHABLE 1', '']]"
"Helyettesített
cikk ETK","[['NO_INTERNET_OR_URL_NOT_REACHABLE 1', '']]"
"Helyettesíto cikk
egységár","[Replacement article\n]"
"QML","[QML]"
"  Automatikus feltölt?  ","[Auto upload?]"
"Fix fokönyvi számla kód","[Fixed General Ledger Account Code ]"
"Tárgyi eszköz csoport","[ Tangible Asset Group ]"
" Fokönyvi kategória kód szuro: ","[ General Ledger Category Code Filter: ]"
"E. csoport név","[ E. ]"
" Dátum navigálás eloszuroket frissít?  ","[Update date navigation pre-filters? ]"
"Elsodleges telephely","[Primary site ]"
"Áthelyezés készletmozgás nélkül","[ Relocation without stock movement ]"
"Cross-docking továbbító cégre vonatkozó szállítási dátum","[ Delivery date for cross-docking forwarding company ]"
"Raklap mérés","[ Pallet measurement ]"
"Kijelölt
 túrára - tárhelyeken","[ Selected\n ]"
"(*)A telephely vállalaton belüli egyedi kódja","[(*) Site-specific unique code ]"
"Zsilip","[ Sluice ]"
"Kiemelt kezelés?","[ Priority treatment? ]"
" Település: ","[ City: ]"
"Raklap összesíto nyomtatás - kiválasztott","[ Pallet summary printing - selected ]"
"Cim: ","[ Address: ]"
"Komissiós lista nyomtatás beállítása","[ Commission list printing setting ]"
"Össz. súly (kg):","[ Total ]"
"Visszáru ok kód","[Return reason code ]"
"Egyéb adatok:","[ Other data: ]"
"Cikk","[ Article ]"
"F.Hatarido:","[ F.Date: ]"
"Nyomtatás elott módosítható?: ","[ Can be changed before printing ?: ]"
"0001I, Külföldre eladás kitárolássalI","[ 0001I, Sale abroad by checkoutI ]"
"Fuvarkedvezmény kalkulálandó?: ","[ Freight discount to be calculated ?: ]"
"Adó
érték","[ Tax\n]"
"Alap egységár:","[Base unit price: ]"
"Település:","[ City: ]"
"Beállítások","[ Settings ]"
"Rendszám:","[ License plate: ]"
"Visszáru
darab (gyujto)","[ Return\n]"
"Számla kelte","Creation date"
"Fizetési határido","Day of payment"
"Készültség","[Production]"
"Idoszak: ","[ Period: ]"
"Kidolgozás kód","[Elaboration code]"
"Mozgásnem","[Type of movement]"
"Külso azonosító","[ External identifier ]"
"Üzem név","[Plant name]"
"SWIFT Kód","[SWIFT Code]"
"Pénztár","[ Cash register ]"
"Üzem kód","[Operation code]"
"Készlet lekérdezés szabály","[Stock query rule]"
"Jogcím","[Legal title]"
"Raktár név","[Warehouse name]"
"Értékcsökkenés kezdete","[Start of depreciation ]"
"Generálás","[ Generation ]"
"ÉCS kulcs név","[ ECS key name ]"
"Tervezet generálás","[ Draft generation ]"
"Évek száma","[ Number of years ]"
"Gyáriszám","[ Serial number ]"
"Értékcsökkenés kulcs","[ Depreciation key ]"
"Eszközszám","[ Device number ]"
"Értékcsökkenés tervezet","[ Depreciation draft ]"
"ÉCS kulcs kód","[ ECS key code ]"
"ÉCS érték","[ ECS value ]"
"Értékcsökkenés tervezet tétel","[ Depreciation draft item [ ]"
"Fejlesztési tartalék","[Development reserve ]"
"E. értékelés név","[ E. ]"
"Alszám","[Subheading ]"
"ÉCS számítás módszer","[ ECS calculation method ]"
"Újra generálás","[ Regeneration ]"
"Maradvány érték","[ Residual value ]"
"E. értékelés kód","[ E. ]"
"FuvarozAAs mAld","Mode of forwarding nxx"
"Raklap AssszesA­tAŠs","RLP sum eng"
"NettAl mennyisAŠg","Net weight"
"ETK, cikk nAŠv","Item"
"LejAArati dAAtum","Best before"
"MagyarorszAAg","Hungary"
"Cikk nAŠv","Product name"
"SzAAllA­tAAs mAldja","MODE OF TRANSPORT"
"FelrakodAAs helye","LIEU Dâ??EXPEDITION"
"RendszAAm","CAMION NR"
"VevL? nAŠv","CUSTOMER NAME"
"SzAAmla szAAm","INVOICE NO"
"Cikk kAld","Item number"
"HLatAŠs mAldja","Type of cooling"
"Karton szAAma","number of cartons"
"NettAl sAsly","net weight"
"KontAŠnerszAAm","CONTAINER NR"
"TAŠtel","Batch"
"KontAŠner","CONTAINER"
"KAŠszletmozgAAs biz.szAAm","No."
"GyAArtAAs dAAtum","Production date"
"SzAAllA­tAAs dAAtuma","DATE D'EXPEDITION"
"ElL?hLatAstt","fresh"
"marha jAl","cow good"
"LefAsrAAsi szempontok","Drilling considerations"
"szLarAŠse","filtering"
"MAŠgsem","Cancel"
"A?sszes kijelAslAŠse","Select all"
"SAsly (kg)","Weight (kg)"
"A?zem","Factory"
"FrissA­tAŠs","Refresh"
"FL? testtAAj","Main body part"
"AtlagtAsmeg","Average weight"
"AllomAAny minL?sA­tAŠs","ENG- AllomAAny minL?sA­tAŠs"
"EgAŠsz csirke","Whole chicken"
"HAAlAlzat stAAtusza: ","Net status: "
"SzAAmla alAAA­rAAs AŠs bAŠlyegzL? nAŠlkAzl AŠrvAŠnyes.","The invoice is valid without sign and without stamp. Again: the invoice is valid without sign and without stamp"
"DAAtum","Date"
"GyAArtAAsi lap","Pro duction sheet"
"RaktAAr","Store"
"StAAtusz frissA­tAŠs","Refresh status"
"  CA­mke darab:","[Label pieces: ]"
"PAŠnzforgalmi jelzL?szAAm","[ Cash register ]"
"StAAtusz lekAŠrdezAŠs","Query status"
"UtolsAl fAzl","[Last tab']"
"Nyelv nAŠv","Language name"
"SzAsveg","Text"
"<font color=red><b>LevAAlasztva</b></font>","<font color=red><b>Disconnected</b></font>"
"MunkafAzzet betAsltAŠse...","[Loading workbook ...]"
"TetszL?leges belsL? megjegyzAŠs","Any internal comment"
"PAŠnznem: ","Currency:"
"VonalkAld","Barcode"
"AlapAŠrtelmezett szAAmlAAzAAsi pAŠnznem","Default Invoice currency"
"<font color=green><b>KapcsolAldva</b></font>","<font color=green><b>Connected</b></font>"
"MozgAAsnem nAŠv","[ Movement name ]"
"KAld","Code"
"AdatbAAzis session
kapcsolat ellenL?rzAŠse","Database session
connection check"
"ElsL? fAzl","First tab"
"MAAsodik fAzl","Second tab"
"A?rv.?","Valid?"
"Harmadik fAzl","Third tab"
"NAŠv","Name"
"ArukA­sAŠrL??","[ Accompanying? ]"
"MegjegyzAŠs","Comment"
"A?jracsatlakozAAs
adatbAAzishoz","Reconnect
to database"
"SzAAmlAAk","[ Invoices ]"
"A?zenet","Message"
"(*)A nyelv kAldja","[(*) Language code]"
"Az ""idAŠzL?jeles"" felirat","['The caption']"
"UtolsAl elL?tti fAzl","[Last penultimate tab]"
"AposztrAlfos' fAzl","[Apostrophe' tab ']"
"SzerepkAsr felhasznAAlAli lekAŠrdezAŠs jogosultsAAg","[ Role user query authority ]"
"SzAAmla nyomtatAl: ","[ Invoice printer: ]"
"ISO-639-1 kAld","ISO-639-1 code"
"RaktAAr kAld","[ Warehouse code ]"
"Eleje/vAŠge","[ Start / end ]"
"Telephely kAld","[ Location code]"
"BankszAAmla kAld","[Bank account code ]"
"BevAŠtelezL? mozgAAsnem nAŠv","[ Receiving movement name ]"
"CA­mke","[ Label ]"
"BevAŠtelezL? raktAAr nAŠv","[ Receiving warehouse name ]"
"EKAER felhasznAAlAl","[ EKAER user ]"
"A?rtAŠkesA­tAŠs szabAAly","[ Sales rule ]"
"(*)[FelhasznAAlAl]->ElnevezAŠs","[ (*) [User] -\u003e Name ]"
"Automatikus frissA­tAŠs","[ Automatic update]"
"TevAŠkenysAŠg sablon","[Activity template ]"
"TAsra kezelAŠs szabAAly","[ Tour management rule ]"
"FelhasznAAlAl kAld nyomtat","[ Print user code ]"
"TAsra stAAtusz","[ Tour status ]"
"CsoportnAŠv","[ Group name ]"
"JogcA­m kAld","[ Title code ]"
"TevAŠkenysAŠg sablon nAŠv","[ Activity template name ]"
"ElsL?dleges telephely AŠs raktAAr beAAllA­tAAs","[ Primary location and warehouse setting ]"
"TAsra","[ Tour]"
"RakodAAs alatt","[Loading ]"
"KAldszAltAAr","[ Code dictionary ]"
"PeriAldus: ","[ Period: ]"
"FelhasznAAlAl kAld","[ User code ]"
"RaktAAr:","[ Warehouse: ]"
"FelhasznAAlAl","[ User ]"
"RakodAAs stAAtusz","[ Loading status ]"
"VAAllalat felhasznAAlAl","[ Company user ]"
"BeAAllA­tAAsok
megjelenA­tAŠse","[ Settings\n]"
"MAldosA­t"," Change "
"TAsrlAŠs"," Delete "
"FeltAslt"," Upload "
"KilAŠpAŠs"," Exit "
"VonalkAld:"," Barcode:"
"ElnevezAŠs","Name "
"PAŠnzmozgAAs szabAAly","[ Cash flow rule ]"
"Automatikus feltAslt?"," Auto-fill?"
"A mAldosA­tAAsok a kAsvetkezL? bejelentkezAŠskor lAŠpnek AŠletbe.","[ Changes take effect the next time you log in. ]"
"A sAŠma neve","[ Schema Name ]"
"TAArolt eljAArAAsok","[ Stored Procedures]"
"A tAArolt eljAArAAs neve","[Name of the stored procedure ]"
"A visszatAŠrAŠsi AŠrtAŠk tA­pusa","[ Type of return value ]"
"(*)A lefordA­tandAl szAsveg","[ (*) Text to be translated ]"
"Nyelv kAld","[ Language code ]"
"A formAAlis paramAŠter lista","[ List of formal parameters]"
"(*)[Nyelv]->A nyelv kAldja","[(*) [Language] -\u003e Language code]"
"SAŠma"," Schema "
"TA­pus"," Type "
"ParamAŠter","Parameter "
"VonalkAld: -","[ Barcode: - ]"
"KamerakAŠp","Camera Image "
"VonalkAld+KAŠp"," Barcode + Image"
"TAsra indA­thatAl?","[Can a tour be started?] ]"
"(*)KAld","[ (*) Code ]"
"IlletAŠkessAŠg","[ Jurisdiction]"
"KAŠszletszint feltAsltAŠs szabAAly nAŠv","[Inventory level replenishment rule name ]"
"ElsL?dleges Azzem nAŠv","[ Primary plant name ]"
"KAŠszletszint feltAsltAŠs szabAAly kAld","[ Inventory level replenishment rule code ]"
"ElsL?dleges Azzem kAld","[ Primary plant code ]"
"VAAllalat szervezet","[ Company organization ]"
"VAAllalat kAld","[ Company code ]"
"GyAArtmAAnylap jAlvAAhagyAAs kezdL? dAAtum","[ Product sheet approval start date ]"
"VAAllalat nAŠv","[ Company name]"
"SzerepkAsrAsk AŠs kAŠszletmozgAAs jogok mAAsolAAsa","[ Copy roles and inventory movement rights ]"
"LeA­rAAs","[ Description ]"
"SzerepkAsr felhasznAAlAlk","[ Role users ]"
"ElsL?dleges telephely: ","[ Primary location: ]"
"TAsra bizonylatszAAm","[Tour voucher number ]"
"TelepAzlAŠs","[ City ]"
"OrszAAg nAŠv","[ Country name ]"
"KijelAslt darab (gyLajtL?)","[ Designated piece (collector) ]"
"Csak AŠlL? tervek? ","[ Live plans only? ]"
"BAsngAŠszL?","[Browser ]"
"  KAŠszAzltsAŠgenkAŠnt","[ By power ]"
"NyomtatandAl darab (gyLajtL?)","[ Piece to be printed (collector) ]"
"A?jratervezAŠs","[ Redesign ]"
"MennyisAŠg","[ Quantity ]"
"NyomtatAAs
cikkenkAŠnt","[ Print\n]"
"KijelAslt hatAlkAsr","[ Selected scope ]"
"NyomtatAAs tAsrAAnkAŠnt - lapvAAltAAs tAsrAAnkAŠnt?","[ Print per tour - change pages per tour ]"
"ElAŠrhetL?sAŠg","[ Availability ]"
"Aru kAld","[ Commodity code ]"
"MennyisAŠg
kijelAslt","[ Quantity\n]"
" HiAAnyra szLarAŠs? ","[Missing screening? ]"
"1. TAsra -
gyLajtAŠsi pontok","[Tour 1 -\n]"
"HelyettesA­tett cikk
egysAŠgAAr/kg","[['NO_INTERNET_OR_URL_NOT_REACHABLE 1', '']]"
"EgysAŠgAAr/kg
eltAŠrAŠs","[['NO_INTERNET_OR_URL_NOT_REACHABLE 1', '']]"
"HelyettesA­tL? cikk
egysAŠgAAr","[Replacement article\n]"
"EgysAŠgAAr/kg
eltAŠrAŠs %","[['NO_INTERNET_OR_URL_NOT_REACHABLE 1', '']]"
"HelyettesA­tL?
cikk kAld","[['NO_INTERNET_OR_URL_NOT_REACHABLE 1', '']]"
"HelyettesA­tett
cikk ETK","[['NO_INTERNET_OR_URL_NOT_REACHABLE 1', '']]"
"Fix fL?kAsnyvi szAAmla kAld","[Fixed General Ledger Account Code ]"
"TAArgyi eszkAsz csoport","[ Tangible Asset Group ]"
" FL?kAsnyvi kategAlria kAld szLarL?: ","[ General Ledger Category Code Filter: ]"
"E. csoport nAŠv","[ E. ]"
" DAAtum navigAAlAAs elL?szLarL?ket frissA­t?  ","[Update date navigation pre-filters? ]"
" TAAblAAzatban a rendeltek megjelenjenek? ","[Should the orders appear in a table? ]"
"ElsL?dleges telephely","[Primary site ]"
"AthelyezAŠs kAŠszletmozgAAs nAŠlkAzl","[ Relocation without stock movement ]"
"Cross-docking tovAAbbA­tAl cAŠgre vonatkozAl szAAllA­tAAsi dAAtum","[ Delivery date for cross-docking forwarding company ]"
"BruttAl AŠrtAŠk","[ Gross value ]"
"Raklap mAŠrAŠs","[ Pallet measurement ]"
"KijelAslt
 tAsrAAra - tAArhelyeken","[ Selected\n ]"
"(*)A telephely vAAllalaton belAzli egyedi kAldja","[(*) Site-specific unique code ]"
"Kiemelt kezelAŠs?","[ Priority treatment? ]"
" TelepAzlAŠs: ","[ City: ]"
"Raklap AssszesA­tL? nyomtatAAs - kivAAlasztott","[ Pallet summary printing - selected ]"
"KomissiAls lista nyomtatAAs beAAllA­tAAsa","[ Commission list printing setting ]"
"A?ssz. sAsly (kg):","[ Total ]"
"VisszAAru ok kAld","[Return reason code ]"
"EgyAŠb adatok:","[ Other data: ]"
"F.HataridL?:","[ F.Date: ]"
"NyomtatAAs elL?tt mAldosA­thatAl?: ","[ Can be changed before printing ?: ]"
"0001I, KAzlfAsldre eladAAs kitAArolAAssalI","[ 0001I, Sale abroad by checkoutI ]"
"FuvarkedvezmAŠny kalkulAAlandAl?: ","[ Freight discount to be calculated ?: ]"
"AdAl
AŠrtAŠk","[ Tax\n]"
"Alap egysAŠgAAr:","[Base unit price: ]"
"HAlnap","[ Month ]"
"TelepAzlAŠs:","[ City: ]"
"BeAAllA­tAAsok","[ Settings ]"
"RendszAAm:","[ License plate: ]"
"VisszAAru
darab (gyLajtL?)","[ Return\n]"
"SzAAmla kelte","Creation date"
"FizetAŠsi hatAAridL?","Day of payment"
"TermAŠny vAAsAArlAAs prioritAAs: ","[ Crop purchase priority: ]"
"TermAŠny vAAsAArlAAs AArtA­pus: ","[ Crop purchase price type: ]"
"GenerAAlt cA­m: ","[ Generated address: ]"
" Igazolt szAAllA­tAllevAŠl AAtadAAs?","[ Certified delivery note transfer ]"
"A?rv.vAŠge","[ Argument end ]"
"KAszterAzlet nAŠv: ","[ Public area name: ]"
"(*)[Melyik telepAzlAŠsen talAAlhatAl a telephely.]->Az orszAAg egyedi neve","[ (*) [In which settlement is the site located ]"
"A?jfAŠl utAAni AlrAAk szAAma","[Number of hours after midnight ]"
"ArukA­sAŠrL? adattartalom: ","[ Accompanying data content: ]"
"AdAl AArfolyam
tA­pus kAld","[ Tax rate\n]"
"TermAŠny vAAsAArlAAs pAŠnznem: ","[Crop purchase currency: ]"
"BeszerzAŠs AArfolyam
tA­pus kAld","[ Purchase rate\n]"
"KAŠszlet sorrend","[Inventory order ]"
"VAAgAlhA­d?","[ Slaughterhouse? ]"
"Munkalap fL?kAsnyvi naplAl: ","[Worksheet ledger: ]"
"LAŠpcsL?hAAz: ","[ Staircase: ]"
"ENAR azonosA­tAl","[ ENAR ID ]"
"RAsvid nAŠv","[ Short name ]"
"Ir.szAAm: ","[ Registration number: ]"
"FL?kAsnyvi bizonylat hatAArnap: ","[ General ledger deadline: ]"
"A?rtAŠk","[ Value ]"
"AdAl AArfolyam tA­pus:","[ Tax rate type: ]"
"Offline tikett tA­pusa","[ Offline ticket type ]"
"SzAAmla jogcA­m nAŠv","[ Account title name ]"
"ArtA­pus nAŠv","[ Price type ]"
"Partner tA­pus","[Partner Type ]"
"ParitAAs: ","[ Parity: ]"
"Bolti terhelAŠs jogcA­m:","[ Store Debit Item: ]"
"Arfolyam tA­pus kAld","[ Exchange Rate Type Code ]"
"AjtAl: ","[ Door: ]"
"HatAArnapok","[ Deadlines ]"
"TAŠtelkAŠpzAŠsi mAld(termelAŠsi): ","[ Item Formation (Production): ]"
"KAŠszlet feladAAs fL?kAsnyvi naplAl: ","[ Stock Posting General Ledger: ]"
"A?rvAŠnyessAŠg
vAŠge","[ Validity\n]"
"AdAl kulcs","[Tax rate ]"
" Csak szAAllA­tAllevAŠl kezelAŠs?","[ Delivery note handling only ]"
"Arfolyam tA­pus idL?szak","[ Exchange rate type period ]"
"Arfolyamok","[ Exchange rates ]"
"KAsltsAŠghely: ","[ Cost center: ]"
"PAŠnztAAr fL?kAsnyvi naplAl: ","[ Cash register ledger: ]"
"Bank fL?kAsnyvi naplAl:","[ Bank ledger: ]"
"SzAŠkhely cA­m","[ Registered office address ]"
"FordA­tott AFA szabAAly","[ Reverse VAT rule ]"
"Partner tA­pus nAŠv","[ Partner type name [ ]"
"Csoport azonosA­tAl szAAm: ","[Group identification number: ]"
"A?pAzlet: ","[ Building: ]"
"TAŠtelkAŠpzAŠsi mAld(szAAllA­tAli): ","[ Item creation method (suppliers): ]"
"TAArgyi eszkAsz fL?kAsnyvi naplAl:","[ Tangible asset general ledger journal: ]"
"PAŠnzmozgAAs AArfolyam tA­pus:","[ Cash flow exchange rate type: ]"
"IndulAl fordulAl: ","[ Starting round: ]"
"Arfolyam tA­pus nAŠv","[ Exchange rate type name ]"
"A?zem: ","[ Plant: ]"
"A?rvAŠnyessAŠg
kezdete","[ Validity\n]"
"MennyisAŠgi egysAŠg: ","[Quantity unit: ]"
" ArukisAŠrL? kiszolgAAlAAs?","[ Accompanying service? ]"
" SzAAllA­tAAsszervezAŠs AAtadAAs?","[ Delivery organization transfer? ]"
"KompenzAAciAl fL?kAsnyvi naplAl: ","[ Compensation ledger log: ]"
" Egyszerre mozgathatAl maximAAlis mennyisAŠg: ","[ Maximum quantity that can be moved at one time: ]"
"A?rtAŠkesA­tAŠs AArfolyam
tA­pus nAŠv","[ Sales rate\n]"
"TelepAzlAŠs: ","[Town: ]"
"Min. rendelAŠsi AŠrtAŠk: ","[ Min. ]"
"KAŠsedelmi kamat tA­pus:","[Type of interest for late payment: ]"
"AdAlszAAm: ","[ Tax number: ]"
"KAszAsssAŠgi adAlszAAm: ","[ Community tax number: ]"
" SzAAmlAAz?","[ Invoice?\n]"
"SzAAllA­tAli megrendeles hatAArnap: ","[Supplier Order Deadline: ]"
"AdAlhatAlsAAgi ellenL?rzAŠsi adatszolgAAltatAAs","[ Tax Authority Audit Reporting ]"
"PAŠnzmozgAAs AArfolyam
tA­pus nAŠv","[ Cash Flow Rate\n]"
"SzAŠkhely cA­m: ","[Headquarters Address: ]"
"FelvAAsAArlAAs fizetAŠsi hat. napok: ","[ Acquisition payment six. ]"
"MLakAsdAŠs","[Operation ]"
"ZAArAl fordulAl: ","[ Closing round: ]"
"FelvAAsAArlAAs fizetAŠsi mAld:","[ Purchase payment method: ]"
"BeszerzAŠs AArfolyam tA­pus:","[ Purchase exchange rate type: ]"
"FELIR azonosA­tAl: ","[ FELIR identifier: ]"
"FL?kAsnyv","[ General ledger ]"
"KAszterAzlet jelleg: ","[ Public area type: ]"
"A?rv.kezdete","[ Argument start ]"
"A?rtAŠkesA­tAŠs AArfolyam tA­pus:","[ Sales exchange rate type: ]"
"A?rtAŠkesA­tAŠs AArfolyam
tA­pus kAld","[ Sales exchange rate\n]"
" AlapAŠrtelmezett leltAAr mennyisAŠg jelleg: ","[Default Inventory Quantity Type: ]"
"SzAAmla befogadAAs hatAArnap: ","[ Invoice Receipt Deadline: ]"
"VAAllalat","[ Company ]"
"BeszerzAŠs AArfolyam
tA­pus nAŠv","[ Purchase Rate\n]"
"OrszAAg kAld","[Country code ]"
"AdAl AArfolyam
tA­pus nAŠv","[ Tax rate\n]"
"FizetAŠsi mAld: ","[Payment method: ]"
"VevL?i megrendelAŠs hatAArnap: ","[ Sales order deadline: ]"
"SzAAmlakiAAllA­tAAs hatAArnap: ","[ Invoice delivery deadline: ]"
"KAŠszletforgalom hatAArnap: ","[ Inventory turnover deadline: ]"
"VAAllalat AArfolyam","[ Company exchange rate ]"
"Ir.szAAm","[ Registration number ]"
"BeAŠrkezL? szAAmla feladAAs fL?k. naplAl:","[ Incoming invoice sending principal. ]"
"PAŠnzmozgAAs AArfolyam
tA­pus kAld","[Cash flow exchange rate\n]"
"MLakAsdAŠsi/JAsvedAŠki engedAŠly szAAm: ","[Operating / Excise License Number: ]"
" RaktAAri kiszolgAAlAAs?","[ Warehouse Service? ]"
"HatAlkAsr","[ Scope ]"
"SzAAmla feladAAs fL?kAsnyvi naplAl:","[ Invoice Posting General Ledger: ]"
"HAAzszAAm: ","[ House Number: ]"
"GyAArtAAs tA­pus: ","[ Production Type:]"
"(*)A vAAllalat egyedi kAldja","[(*) Unique company code]"
"TAsra zsilip kitAsltAŠsi mAld","[Tour lock filling method ]"
"CA­m nAŠv","[ Address name ]"
"CA­m","[ Address ]"
"ArtA­pus kAld","[ Price type code ]"
"BetAArolAAsi javaslat?","[ Storage suggestion? ]"
"TermAŠktanAAcs azonosA­tAl","[ Product board ID ]"
"SzAAllA­tAllevAŠl raktAArankAŠnt?","[ Delivery note per warehouse? ]"
"CA­m kAld","[Address code ]"
"SzAAmla jogcA­m","[ Account title ]"
"Partner kAld","[ Partner code ]"
"Sarzs kAld szegmens","[ Batch code segment ]"
"KTJ (KAsrnyezetvAŠdelmi TerAzleti Jel)","[ KTJ (Environmental Territorial Sign) ]"
"KeresL? nAŠv","[ Search name ]"
"Partner nAŠv","[ Partner name ]"
"SajAAt bolt munkaszAAm","[ Own shop number ]"
"RaktAAri mLaszak kAsvetAŠs?","[ Warehouse shift tracking? ]"
"SajAAt bolt munkaszAAm nAŠv","[ Own shop job number name ]"
"TAsra indA­tAAs mAld","[ ]"
"(*)[VAAllalat]->A vAAllalat egyedi kAldja","[(*) [Company] -\u003e Unique company code]"
"VevL?","[Customer ]"
"[SajAAt bolt munkaszAAm]->Sarzs kAld szegmens","[ [Own store work number] -\u003e Batch code segment ]"
"[SajAAt bolt munkaszAAm]->ElnevezAŠs","[ [Own store work number] -\u003e Name]"
"  Automatikus feltAslt?  ","[Auto upload?]"
"A?rtAŠkcsAskkenAŠs kezdete","[Start of depreciation ]"
"GenerAAlAAs","[ Generation ]"
"A?CS kulcs nAŠv","[ ECS key name ]"
"Tervezet generAAlAAs","[ Draft generation ]"
"A?vek szAAma","[ Number of years ]"
"GyAAriszAAm","[ Serial number ]"
"A?rtAŠkcsAskkenAŠs kulcs","[ Depreciation key ]"
"EszkAszszAAm","[ Device number ]"
"A?rtAŠkcsAskkenAŠs tervezet","[ Depreciation draft ]"
"A?CS kulcs kAld","[ ECS key code ]"
"A?CS AŠrtAŠk","[ ECS value ]"
"StAAtusz","[ Status ]"
"A?rtAŠkcsAskkenAŠs tervezet tAŠtel","[ Depreciation draft item [ ]"
"FejlesztAŠsi tartalAŠk","[Development reserve ]"
"E. AŠrtAŠkelAŠs nAŠv","[ E. ]"
"AlszAAm","[Subheading ]"
"A?CS szAAmA­tAAs mAldszer","[ ECS calculation method ]"
"A?jra generAAlAAs","[ Regeneration ]"
"MaradvAAny AŠrtAŠk","[ Residual value ]"
"E. AŠrtAŠkelAŠs kAld","[ E. ]"
"Üzem:","[ Plant: ]"
"Lefordítandó szöveg","[Text to translate ]"
"Lefordított szöveg","[ Translated text ]"
"Show Putty Registry","[ Show Putty Registry ]"
"Log: ","[ Log: ]"
"Login Putty","[Login Putty ]"
"Próbaszöveg","[ Sample text ]"
"vrtSplita","[ vrtSplita ]"
"downloadFile","[ downloadFile ]"
"Levonható adó érték","[Deductible tax value]"
"Termék","[Product]"
"Fizetési mód","[Payment method]"
"Készletfajta","[Inventory type ]"
"Adó árfolyam","[Tax rate]"
"A megengedett értékek listája","[List of allowed values]"
"Nyomtatás","[Print]"
"Munkaszám kód","[Job number code]"
"Érvényesít","[ Validate ]"
"Összesített értékek pénznemenként","[ ]"
"Összes adó érték","[Total tax value]"
"NAV státusz","[NAV status]"
"Csekk példányszám","[Check number of copies]"
"ÁFA zárás dátum","[VAT closing date]"
"SWIFT kód","[SWIFT code]"
"Összes nettó érték","[Total Net Value]"
"Közvetített biz. szám","[Intermediate biz. ]"
"Számla fajta","[Account type]"
"Kamat típus","[Interest type]"
"Megrendelés","[Order]"
"Folyamatos szolgáltatás?","[Continuous service?]"
"Teljesítés kezdete","[Start of execution]"
"Üzemanyag kártya szám","[Fuel card number]"
"Számlaszám","[Invoice number]"
"Válassza ki a tételt!","Select the item!"
"Mentés","[ Save ]"
"Fordítás","[ Translate ]"
"Betöltés","[ Loading]"
"Connected (vc2-0)","[Connected (vc2-0)]"
"Tételképzés mód név","[Batch mode name ]"
"Munkahely","[ Workplace ]"
"Gyártás nap eltérés","[ Date of manufacture deviation ]"
"Cikk:","[ Article: ]"
"Cikk név:","[ Article name: ]"
"Tétel:","[ Item: ]"
"Lejárati dátum:","[ Expiry date: ]"
"(*)Az üzem egyedi kódja","[ (*) Unique code of the plant ]"
"Cikk kód:","[ Article code: ]"
"Etk:","[Etk: ]"
"Tételképzés mód kód","[ Batch mode code]"
"(*)A munkahely neve","[(*) Name of workplace ]"
"(*)A munkahely üzemen belüli egyedi kódja","[ (*) Unique code of the workplace on the holding ]"
"A munkahelyen aktuálisan feldolgozás alatt álló tétel kódja","[ Code of the batch currently being processed at the workplace]"
"fut: select * from uzem","[run: select * from uzem ]"
"Select Ok: select * from uzem","[ Select Ok: select * from uzem]"
"Banki nap?","[Bank day? ]"
"Naptári napok","[ Calendar days ]"
" Dátumtól: ","[ From: ]"
"Paraméterek","[ Parameters ]"
" Dátumig: ","[ To: ]"
"(*)A dátum","[ (*) The date ]"
"Érvénytelenít","[ Cancel ]"
"fut: select * from vagasi_igeny limit 100","[run: select * from vagasi_igeny limit 100 ]"
"Select Hiba: select * from vagasi_igeny limit 100","[ Select Error: select * from vagasi_igeny limit 100]"
"Select Ok: select * from ebsz_qml_vagasi_igeny_tabla('2021-02-22','2021","[Select Ok: select * from ebsz_qml_vagasi_igeny_tabla ('2021-02-22', '2021 ]"
"fut: select * from ebsz_qml_vagasi_igeny_tabla('2021-02-22','2021-06-21',95224637,'H')","[ run: select * from ebsz_qml_vagasi_igeny_tabla (' 2021-02-22 ',' 2021-06-21 ', 95224637,' H ')]"
"Üres mérlegre vár...","Waiting for empty scales..."
"Cikktáblázat","[Article table ]"
"Mérés","[ Measurement ]"
"Egalizált","[ Equalized ]"
"Korábbiak","[ Previous ]"
"Munkaszám","[ Number of jobs ]"
"Irány","[ Direction]"
"Nincs a munkahelyhez beállított tétel!","[There is no item set for the job!]"
"Adja meg a","[ Enter ]"
"darab számot","[ number of pieces ]"
"raklap","[ pallet ]"
"Adja meg a Raklap súlyát/Mozgó tárhely vonalkódját!","[ Enter Pallet weight / Moving storage barcode ]"
"Göngyöleg választás","[ Package selection]"
"Mérés kész","[ Measurement complete ]"
"tárhely","[ Storage ]"
"Raklap/Mozgó","[ Pallet / Moving ]"
"Utolsó mérés","[ Last measurement ]"
"Címke rontás","[ Label deterioration ]"
"Kijelölt tétel","[ Selected item ]"
"Kijelölt cikktáblázat","[ Selected item table ]"
"Betuméret","[Font size ]"
"Cikk kép megjelenítése","[Display item image ]"
"Sarzs: ","Lot:"
"Kiszállítás:","[Delivery: ]"
"Kiszedohöz kijelölés
idopont","[ Assign to pickup\n]"
"Mennyiség
kiszedett","[Quantity\n]"
"Mind ki","[ All out ]"
"Nyomtatás túránként - raktár bontásban?","[ Print per tour - broken down by warehouse? ]"
"Túránként
gyártási utasításonként","[ Per tour\n]"
"Mind kijelölés/megfordítás","[All selection / inversion ]"
"Hiány mennyiség","[ Shortage quantity ]"
"1. vontatmány rendszám","[ 1. ]"
"Gyujto (darab)
kijelölt","[Collector (pieces)\n]"
"Zárókészlet jelzés e-mail címek","[Closing stock indication e-mail addresses ]"
"Leltár mennyiség jelleg","[ Inventory quantity type ]"
"Lejárat jelzés e-mail címek","[ Expiration indication e-mail addresses ]"
"Árualap viszony","[ Commodity basis relationship ]"
"Szervezet kód","[ Organization code ]"
"Készletmozgás bizonylaton megjelenítendo szöveg","[ Text to be displayed on the inventory movement document ]"
"Zóna kód","[ Zone code ]"
"Fokönyvi feladás?","[ General ledger posting? ]"
"Tárhelyre bevételezés mozgásnem","[ Storage entry movement type ]"
"Zóna név","[ Zone ]"
"Beszállító kód","[Supplier Code ]"
"Vállalati raktárak","[ Corporate Warehouses ]"
"Cikktáblázat
(kizárt cikkek)","[ Item Table\n]"
"Maradék eltérés többlet mozgásnem","[Residual deviation Excess movement type ]"
"Vezérelt leltár?","[ Controlled inventory?\n]"
"Tárhelyrol kiadás mozgásnem név","[Release from storage movement name ]"
"Leltárkör","[ Inventory circle ]"
"Maradék eltérés hiány mozgásnem név","[ Residual discrepancy missing movement type ]"
"Tárhely kód","[ Storage code ]"
"Készletszint jelzés e-mail címek","[ Inventory level indication e-mail addresses ]"
"Cikktáblázat
(engedélyezett cikkek)","[ Article table\n]"
"Cikktáblázat név
(kizárt cikkek)","[Article table name\n]"
"alma","[Apple]"
"körte","[pear]"
"Nincs a munkahelyhez beállított feldolgozás alatti tétel!","[ No item set for workplace set! ]"
"Megrendelés száma","Invoice No."
"Cikk kód megjelenítése","[Display article code ]"
"Cikk infó megjelenítése","[ Display article info ]"
"Útvonal betuméret","[ Route font size ]"
"Cikk betuméret","[ Article font size ]"
"Mérleg cimkék rövidítése","[ Abbreviation of balance labels ]"
"Választó gombok szélessége","[ Width of selection buttons ]"
"Cikk név megjelenítése","[ Display article name ]"
"ETK megjelenítése","[ Display ETK]"
"Napi generálás","[Daily generation ]"
"Nap feloldása","[ Day unlock ]"
"Nap zárolása","[ Day lock ]"
"Adat generálás","[ Data generation]"
"Connected (vc5-0)","[Connected (vc5-0) ]"
"Connected (vc4-0)","[ Connected (vc4-0)]"
"Select Ok: select rjo_get_rendszer_parameter('EBSZ_HSZ_GJU_KETRECBEN_DA","[Select Cause: select rjo_get_system_parameter ('EBSZ_HSZ_GJU_KETRECBEN_DA ]"
"fut: select rjo_get_rendszer_parameter('EBSZ_HSZ_GJU_KETRECBEN_DARAB_LISTA','10-12')","[ running: select rjo_get_system_parameter (' EBSZ_HSZ_GJU_KETRECBEN_PUT_LIST ',' 10-12 ') ]"
"Rendszer paraméter","[ System parameter]"
